Language courses in DU,
B.A. (Hons.) Arabic,https://dudesk.in/courses/details/Languages/B.A.%20(Hons.)%20Arabic
B.A. (Hons.) Bengali,https://dudesk.in/courses/details/Languages/B.A.%20(Hons.)%20Bengali
B.A. (Hons.) English,https://dudesk.in/courses/details/Languages/B.A.%20(Hons.)%20English
B.A. (Hons.) French,https://dudesk.in/courses/details/Languages/B.A.%20(Hons.)%20French
B.A. (Hons.) German,https://dudesk.in/courses/details/Languages/B.A.%20(Hons.)%20German
B.A. (Hons.) Hindi,https://dudesk.in/courses/details/Languages/B.A.%20(Hons.)%20Hindi
B.A. (Hons.) Italian,https://dudesk.in/courses/details/Languages/B.A.%20(Hons.)%20Italian
B.A. (Hons.) Persian,https://dudesk.in/courses/details/Languages/B.A.%20(Hons.)%20Persian
B.A. (Hons.) Punjabi,https://dudesk.in/courses/details/Languages/B.A.%20(Hons.)%20Punjabi
B.A. (Hons.) Russian,https://dudesk.in/courses/details/Languages/B.A.%20(Hons.)%20Russian
B.A. (Hons.) Sanskrit,https://dudesk.in/courses/details/Languages/B.A.%20(Hons.)%20Sanskrit
B.A. (Hons.) Spanish,https://dudesk.in/courses/details/Languages/B.A.%20(Hons.)%20Spanish
B.A. (Hons.) Urdu,https://dudesk.in/courses/details/Languages/B.A.%20(Hons.)%20Urdu
Arts Humanities & Social Science Courses in DU,
B.A. (Hons.) Applied Psychology,https://dudesk.in/courses/details/Arts%20&%20Humanities/B.A.%20(Hons.)%20Applied%20Psychology
B.A. (Hons.) Psychology,https://dudesk.in/courses/details/Arts%20&%20Humanities/B.A.%20(Hons.)%20Psychology
B.A. (Hons.) Economics,https://dudesk.in/courses/details/Arts%20&%20Humanities/B.A.%20(Hons.)%20Economics
B.A. (Hons.) Geography,https://dudesk.in/courses/details/Arts%20&%20Humanities/B.A.%20(Hons.)%20Geography
B.A. (Hons.) Hindi Patrakarita,https://dudesk.in/courses/details/Arts%20&%20Humanities/B.A.%20(Hons.)%20Hindi%20Patrakarita
B.A. (Hons.) History,https://dudesk.in/courses/details/Arts%20&%20Humanities/B.A.%20(Hons.)%20History
B.A. (Hons.) Humanities and Social Sciences,https://dudesk.in/courses/details/Arts%20&%20Humanities/B.A.%20(Hons.)%20Humanities%20&%20Social%20Sciences
B.A. (Hons.) Journalism,https://dudesk.in/courses/details/Arts%20&%20Humanities/B.A.%20(Hons.)%20Journalism
Five Year Integrated Program in Journalism,https://dudesk.in/courses/details/Arts%20&%20Humanities/Five%20Year%20Integrated%20Program%20in%20Journalism
B.A. (Hons.) Multi-Media and Mass Communication,https://dudesk.in/courses/details/Arts%20&%20Humanities/B.A.%20(Hons.)%20Multimedia%20and%20Mass%20Communication
B.A. (Hons.) Philosophy,https://dudesk.in/courses/details/Arts%20&%20Humanities/B.A.%20(Hons.)%20Philosophy
B.A. (Hons.) Political Science,https://dudesk.in/courses/details/Arts%20&%20Humanities/B.A.%20(Hons.)%20Political%20Science
B.A. (Hons.) Social Work,https://dudesk.in/courses/details/Arts%20&%20Humanities/B.A.%20(Hons.)%20Social%20Work
B.A. (Hons.) Sociology,https://dudesk.in/courses/details/Arts%20&%20Humanities/B.A.%20(Hons.)%20Sociology
B.A. (Program),https://dudesk.in/courses/details/Arts%20&%20Humanities/B.A.%20(Program)
"Science, Mathematics & Technology Courses at DU",
B.Sc. (Hons.) Anthropology,"https://dudesk.in/courses/details/Science,%20Mathematics%20and%20Technology/B.Sc.%20(Hons.)%20Anthropology"
B.Sc. (Hons.) Biological Sciences,"https://dudesk.in/courses/details/Science,%20Mathematics%20and%20Technology/B.Sc.%20(Hons.)%20Biological%20Science"
B.Sc. (Hons.) Biomedical Science,
B.Sc. (Hons.) Bio-Chemistry,"https://dudesk.in/courses/details/Science,%20Mathematics%20and%20Technology/B.Sc.%20(Hons.)%20Biochemistry"
B.Sc. (Hons.) Botany,"https://dudesk.in/courses/details/Science,%20Mathematics%20and%20Technology/B.Sc.%20(Hons.)%20Botany"
B.Sc. (Hons.) Chemistry,"https://dudesk.in/courses/details/Science,%20Mathematics%20and%20Technology/B.Sc.%20(Hons.)%20Chemistry"
B.Sc. (Hons.) Computer Science,"https://dudesk.in/courses/details/Science,%20Mathematics%20and%20Technology/B.Sc.%20(Hons.)%20Computer%20Science"
B.Sc. (Hons.) Electronics,"https://dudesk.in/courses/details/Science,%20Mathematics%20and%20Technology/B.Sc.%20(Hons.)%20Electronics"
B.Sc. (Hons.) Environmental Science,"https://dudesk.in/courses/details/Science,%20Mathematics%20and%20Technology/B.Sc.%20(Hons.)%20Environmental%20Science"
B.Sc. (Hons.) Food Technology,"https://dudesk.in/courses/details/Science,%20Mathematics%20and%20Technology/B.Sc.%20(Hons.)%20Food%20Technology"
B.Sc. (Hons.) Geology,"https://dudesk.in/courses/details/Science,%20Mathematics%20and%20Technology/B.Sc.%20(Hons.)%20Geology"
B.Sc. (Hons.) Home Science,"https://dudesk.in/courses/details/Science,%20Mathematics%20and%20Technology/B.Sc.%20(Hons.)%20Home%20Science"
B.Sc. (Hons.) Instrumentation,"https://dudesk.in/courses/details/Science,%20Mathematics%20and%20Technology/B.Sc.%20(Hons.)%20Instrumentation"
B.Sc. (Hons.) Mathematics,"https://dudesk.in/courses/details/Science,%20Mathematics%20and%20Technology/B.Sc.%20(Hons.)%20Mathematics"
B.Sc. (Hons.) Microbiology,"https://dudesk.in/courses/details/Science,%20Mathematics%20and%20Technology/B.Sc.%20(Hons.)%20Microbiology"
B.Sc. (Hons.) Physics,"https://dudesk.in/courses/details/Science,%20Mathematics%20and%20Technology/B.Sc.%20(Hons.)%20Physics"
B.Sc. (Hons.) Polymer Science,"https://dudesk.in/courses/details/Science,%20Mathematics%20and%20Technology/B.Sc.%20(Hons.)%20Polymer%20Science"
B.Sc. (Hons.) Statistics,"https://dudesk.in/courses/details/Science,%20Mathematics%20and%20Technology/B.Sc%20(Hons.)%20Statistics"
B.Sc. (Hons.) Zoology,"https://dudesk.in/courses/details/Science,%20Mathematics%20and%20Technology/B.Sc.%20(Hons.)%20Zoology"
B.Tech. Information Technology and Mathematical Innovations (IT & MI),"https://dudesk.in/courses/details/Science,%20Mathematics%20and%20Technology/B.Tech.%20Information%20Technology%20and%20Mathematical%20Innovation%20(IT&MI)"
B.Sc. (Prog.) Applied Life Science,"https://dudesk.in/courses/details/Science,%20Mathematics%20and%20Technology/B.Sc.%20(Prog.)%20Applied%20Life%20Science"
B.Sc. (Prog.) Applied Physical Sciences with Analytical Methods in Chemistry & Biochemistry,"https://dudesk.in/courses/details/Science,%20Mathematics%20and%20Technology/B.Sc.%20(Prog.)%20Applied%20Physical%20Science%20with%20Analytical%20Methods%20in%20Chemistry%20&%20Biochemistry"
B.Sc. (Prog.) Applied Physical Sciences with Industrial Chemistry,"https://dudesk.in/courses/details/Science,%20Mathematics%20and%20Technology/B.Sc.%20(Prog.)%20Applied%20Physical%20Science%20with%20Industrial%20Chemistry"
B.Sc. (Pass) Home Science,"https://dudesk.in/courses/details/Science,%20Mathematics%20and%20Technology/B.Sc.%20(Pass)%20Home%20Science"
B.Sc. (Prog.) Life Science,"https://dudesk.in/courses/details/Science,%20Mathematics%20and%20Technology/B.Sc.%20(Prog.)%20Life%20Science"
B.Sc. (Prog.) Mathematical Sciences,"https://dudesk.in/courses/details/Science,%20Mathematics%20and%20Technology/B.Sc.%20(Prog.)%20Mathematical%20Science"
"B.Sc. Physical Education, Health Education and Sports (B.Sc. PE, HE & S)","https://dudesk.in/courses/details/Science,%20Mathematics%20and%20Technology/B.Sc.%20In%20Physical%20Education,%20Health%20Education%20&%20Sports"
B.Sc. (Prog.) Physical Science with Chemistry,"https://dudesk.in/courses/details/Science,%20Mathematics%20and%20Technology/B.Sc.%20(Prog.)%20Physical%20Science%20with%20Chemistry"
B.Sc. (Prog.) Physical Science with Electronics,"https://dudesk.in/courses/details/Science,%20Mathematics%20and%20Technology/B.Sc.%20(Prog.)%20Physical%20Science%20with%20Electronics"
B.Sc. (Prog.) Physical Science with Computer Science/Informatics Practices,"https://dudesk.in/courses/details/Science,%20Mathematics%20and%20Technology/B.Sc.%20(Prog.)%20Physical%20Science%20with%20Computer%20Science_Informatics%20Practices"
Commerce & Management Courses at DU,
B.Com. (Hons.),https://dudesk.in/courses/details/Commerce%20&%20Management/B.Com.%20(Hons.)
B.Com.,https://dudesk.in/courses/details/Commerce%20&%20Management/B.Com
Bachelor of Business Administration in Financial Investment Analysis (BBA-FIA),https://dudesk.in/courses/details/Commerce%20&%20Management/Bachelor%20of%20Business%20Administration%20(Financial%20Investment%20Analysis)%20BBA%20(FIA)
B.A. (Hons.) Business Economics (BBE),https://dudesk.in/courses/details/Commerce%20&%20Management/B.A.%20(Hons.)%20Business%20Economics
Bachelor of Management Studies (BMS),https://dudesk.in/courses/details/Commerce%20&%20Management/Bachelor%20of%20Management%20Studies%20(BMS)
Vocational Studies Courses at DU,
B.Voc. Banking Operations,https://dudesk.in/courses/details/Vocational%20Studies/B.Voc.%20Banking%20Operations
B.Voc. Healthcare Management,https://dudesk.in/courses/details/Vocational%20Studies/B.Voc.%20Health%20Care%20Management
B.Voc. Retail Management and IT,https://dudesk.in/courses/details/Vocational%20Studies/B.Voc.%20Retail%20Management%20and%20IT
B.Voc. Software Development,https://dudesk.in/courses/details/Vocational%20Studies/B.Voc.%20Software%20Development
B.A. Vocational Studies,https://dudesk.in/courses/details/Vocational%20Studies/B.A.%20(Vocational%20Studies)
Music Courses at DU,
B.A. (Hons.) in Music: Vocal/ Instrumental Sitar/ Sarod/ Guitar/ Violin/ Santoor,https://dudesk.in/courses/details/Music/B.A.%20(Hons.)%20-%20Hindustani%20Music:%20Vocal%20_%20Instrumental%20(Sitar%20_%20Sarod%20_%20Guitar%20_%20Violin%20_%20Santoor)
B.A. (Hons.) in Hindustani Music: Percussion (Tabla/Pakhawaj),https://dudesk.in/courses/details/Music/B.A.%20(Hons.)%20-%20Hindustani%20Music:%20Percussion%20(Tabla_Pakhawaj)
B.A. (Hons.) in Karnatak Music: Vocal/ Instrumental (Veena/ Violin),https://dudesk.in/courses/details/Music/B.A.%20(Hons.)%20-%20Karnataka%20Music:%20Vocal_Instrumental%20(Veena_Violin)
Bachelor of Elementary Education,https://dudesk.in/courses/details/Elementary%20Education/Bachelor%20of%20Elementary%20Education%20B.%20El.%20Ed
Bachelor of Fine Arts,https://dudesk.in/courses/details/Fine%20Arts/Bachelor%20of%20Fine%20Arts%20(B.F.A.)